Workbook

Sheet Cadastro de Pneus
A1: Nome do Pneu | B1: Código de Barras | C1: Carro Vinculado | D1: Status | E1: Quilometragem atual | F1: Profundidade Inicial (mm) | G1: Limite KM | H1: Data Cadastro
A2: PNEU001 | B2: 5646468465 | C2: Carro A | D2: Novo | E2: 0 | F2: 8 | G2: 1000 | H2: 12/01/2026
A3: PNEU002 | B3: 5646468465 | C3: Carro A | D3: Novo | E3: 0 | F3: 8 | G3: 1000 | H3: 12/01/2026
A4: PNEU003 | B4: 5646468465 | C4: Carro B | D4: Usado | E4: 105 | F4: 4.5 | G4: 1000 | H4: 10/01/2026
A5: PNEU004 | B5: 5646468465 | C5: Carro A | D5: USADO | E5: 500 | F5: 1.2 | G5: 1000 | H5: 08/01/2026
A6: PNEU005 | B6: 5646468465 | C6: Carro C | D6: Novo | E6: 0 | F6: 8 | G6: 1000 | H6: 14/01/2026

Sheet Medições
A1: Código do Pneu | B1: Quilometragem Atual | C1: Código de Barras | D1: Carro | E1: Data Medição | F1: Tipo Evento | G1: Voltas | H1: Tempo Pista (min) | I1: Pista | J1: Quilometragem | K1: KM TOTAL | L1: Interno (mm) | M1: Centro Interno (mm) | N1: Centro Externo (mm) | O1: Externo (mm) | P1: Profundidade Média (mm) | Q1: Condição (twi) | R1: Condição (km) | S1: AÇÃO
A2: PNEU001 | B2: ='Cadastro de Pneus'!E2 -> 0 | C2: 5646468465 | D2: Carro A | E2: 12/01/2026 | F2: Treino | G2: 25 | H2: 45 | I2: Interlagos | J2: {=_xlfn.IFS(I2="Interlagos",G2*4.309,I2="Velocita",G2*3.493,I2="Brasília",G2*5.384,I2="Cuiabá",G2*4.5,I2="Campo Grande",G2*3.443)} -> 107.725 | K2: =J2+B2 -> 107.725 | L2: 8 | M2: 7.5 | N2: 7 | O2: 6.9 | P2: =SUM(L2:O2)/4 -> 7.35 | Q2: {=_xlfn.IFS(P2>7,"Bom",4<P2<2,"Desgastado",P2<2, "Crítico",7>P2>4,"ok")} -> Bom | R2: {=_xlfn.IFS(K2<200,"Bom",1000>K2>750,"Desgastado",K2>1000, "Crítico",750>K2>200,"ok")} -> Bom | S2: =IFERROR( _xlfn.LET( _xlpm.valor_twi, IF(Q2="Crítico",0, IF(Q2="Desgastado",2, IF(Q2="ok",4, 5))), _xlpm.valor_km, IF(R2="Crítico",0, IF(R2="Desgastado",2, IF(R2="ok",4, 5))), _xlpm.media_ponderada, (_xlpm.valor_twi*0.6 + _xlpm.valor_km*0.4), IF(_xlpm.media_ponderada<1, "DESCARTAR PNEU", IF(_xlpm.media_ponderada<2.5, "PRÓXIMO DO FIM", IF(_xlpm.media_ponderada<4, "MÉDIO DESGASTE", "PRÓXIMA ETAPA") ) ) ), "Erro" ) -> PRÓXIMA ETAPA
A3: PNEU002 | B3: ='Cadastro de Pneus'!E3 -> 0 | C3: 5646468465 | D3: Carro A | E3: 12/01/2026 | F3: Corrida | G3: 35 | H3: 62 | I3: Velocita | J3: {=_xlfn.IFS(I3="Interlagos",G3*4.309,I3="Velocita",G3*3.493,I3="Brasília",G3*5.384,I3="Cuiabá",G3*4.5,I3="Campo Grande",G3*3.443)} -> 122.255 | K3: =J3+B3 -> 122.255 | L3: 8 | M3: 8 | N3: 8 | O3: 7.9 | P3: =SUM(L3:O3)/4 -> 7.975 | Q3: {=_xlfn.IFS(P3>7,"Bom",4<P3<2,"Desgastado",P3<2, "Crítico",7>P3>4,"ok")} -> Bom | R3: {=_xlfn.IFS(K3<200,"Bom",1000>K3>750,"Desgastado",K3>1000, "Crítico",750>K3>200,"ok")} -> Bom | S3: =IFERROR( _xlfn.LET( _xlpm.valor_twi, IF(Q3="Crítico",0, IF(Q3="Desgastado",2, IF(Q3="ok",4, 5))), _xlpm.valor_km, IF(R3="Crítico",0, IF(R3="Desgastado",2, IF(R3="ok",4, 5))), _xlpm.media_ponderada, (_xlpm.valor_twi*0.6 + _xlpm.valor_km*0.4), IF(_xlpm.media_ponderada<1, "DESCARTAR PNEU", IF(_xlpm.media_ponderada<2.5, "PRÓXIMO DO FIM", IF(_xlpm.media_ponderada<4, "MÉDIO DESGASTE", "PRÓXIMA ETAPA") ) ) ), "Erro" ) -> PRÓXIMA ETAPA
A4: PNEU003 | B4: ='Cadastro de Pneus'!E4 -> 105 | C4: 5646468465 | D4: Carro A | E4: 10/01/2026 | F4: Qualy | G4: 25 | H4: 45 | I4: Brasília | J4: {=_xlfn.IFS(I4="Interlagos",G4*4.309,I4="Velocita",G4*3.493,I4="Brasília",G4*5.384,I4="Cuiabá",G4*4.5,I4="Campo Grande",G4*3.443)} -> 134.6 | K4: =J4+B4 -> 239.6 | L4: 4.6 | M4: 4.5 | N4: 4.4 | O4: 4.5 | P4: =SUM(L4:O4)/4 -> 4.5 | Q4: {=_xlfn.IFS(P4>7,"Bom",4<P4<2,"Desgastado",P4<2, "Crítico",7>P4>4,"ok")} -> ok | R4: {=_xlfn.IFS(K4<200,"Bom",1000>K4>750,"Desgastado",K4>1000, "Crítico",750>K4>200,"ok")} -> Desgastado | S4: =IFERROR( _xlfn.LET( _xlpm.valor_twi, IF(Q4="Crítico",0, IF(Q4="Desgastado",2, IF(Q4="ok",4, 5))), _xlpm.valor_km, IF(R4="Crítico",0, IF(R4="Desgastado",2, IF(R4="ok",4, 5))), _xlpm.media_ponderada, (_xlpm.valor_twi*0.6 + _xlpm.valor_km*0.4), IF(_xlpm.media_ponderada<1, "DESCARTAR PNEU", IF(_xlpm.media_ponderada<2.5, "PRÓXIMO DO FIM", IF(_xlpm.media_ponderada<4, "MÉDIO DESGASTE", "PRÓXIMA ETAPA") ) ) ), "Erro" ) -> MÉDIO DESGASTE
A5: PNEU004 | B5: ='Cadastro de Pneus'!E5 -> 500 | C5: 5646468465 | D5: Carro B | E5: 08/01/2026 | F5: Treino | G5: 25 | H5: 71 | I5: Cuiabá | J5: {=_xlfn.IFS(I5="Interlagos",G5*4.309,I5="Velocita",G5*3.493,I5="Brasília",G5*5.384,I5="Cuiabá",G5*4.5,I5="Campo Grande",G5*3.443)} -> 112.5 | K5: =J5+B5 -> 612.5 | L5: 1.2 | M5: 1.2 | N5: 1.2 | O5: 1.1 | P5: =SUM(L5:O5)/4 -> 1.175 | Q5: {=_xlfn.IFS(P5>7,"Bom",4<P5<2,"Desgastado",P5<2, "Crítico",7>P5>4,"ok")} -> Crítico | R5: {=_xlfn.IFS(K5<200,"Bom",1000>K5>750,"Desgastado",K5>1000, "Crítico",750>K5>200,"ok")} -> Desgastado | S5: =IFERROR( _xlfn.LET( _xlpm.valor_twi, IF(Q5="Crítico",0, IF(Q5="Desgastado",2, IF(Q5="ok",4, 5))), _xlpm.valor_km, IF(R5="Crítico",0, IF(R5="Desgastado",2, IF(R5="ok",4, 5))), _xlpm.media_ponderada, (_xlpm.valor_twi*0.6 + _xlpm.valor_km*0.4), IF(_xlpm.media_ponderada<1, "DESCARTAR PNEU", IF(_xlpm.media_ponderada<2.5, "PRÓXIMO DO FIM", IF(_xlpm.media_ponderada<4, "MÉDIO DESGASTE", "PRÓXIMA ETAPA") ) ) ), "Erro" ) -> DESCARTAR PNEU
A6: PNEU005 | B6: ='Cadastro de Pneus'!E6 -> 0 | C6: 5646468465 | D6: Carro B | E6: 14/01/2026 | F6: Corrida | G6: 30 | H6: 53 | I6: Campo Grande | J6: {=_xlfn.IFS(I6="Interlagos",G6*4.309,I6="Velocita",G6*3.493,I6="Brasília",G6*5.384,I6="Cuiabá",G6*4.5,I6="Campo Grande",G6*3.443)} -> 103.29 | K6: =J6+B6 -> 103.29 | L6: 8 | M6: 8 | N6: 8 | O6: 8 | P6: =SUM(L6:O6)/4 -> 8 | Q6: {=_xlfn.IFS(P6>7,"Bom",4<P6<2,"Desgastado",P6<2, "Crítico",7>P6>4,"ok")} -> Bom | R6: {=_xlfn.IFS(K6<200,"Bom",1000>K6>750,"Desgastado",K6>1000, "Crítico",750>K6>200,"ok")} -> Bom | S6: =IFERROR( _xlfn.LET( _xlpm.valor_twi, IF(Q6="Crítico",0, IF(Q6="Desgastado",2, IF(Q6="ok",4, 5))), _xlpm.valor_km, IF(R6="Crítico",0, IF(R6="Desgastado",2, IF(R6="ok",4, 5))), _xlpm.media_ponderada, (_xlpm.valor_twi*0.6 + _xlpm.valor_km*0.4), IF(_xlpm.media_ponderada<1, "DESCARTAR PNEU", IF(_xlpm.media_ponderada<2.5, "PRÓXIMO DO FIM", IF(_xlpm.media_ponderada<4, "MÉDIO DESGASTE", "PRÓXIMA ETAPA") ) ) ), "Erro" ) -> PRÓXIMA ETAPA
